Date,Sales
2021-01-01,209.93
2021-01-01,197.86
2021-01-01,214.21
2021-01-02,232.34
2021-01-02,197.83
2021-01-02,198.45
2021-01-03,235.35
2021-01-03,219.73
2021-01-03,195.62
2021-01-04,216.47
2021-01-04,196.97
2021-01-04,197.54
2021-01-05,212.3
2021-01-05,169.8
2021-01-05,174.18
2021-01-06,198.03
2021-01-06,189.61
2021-01-06,216.75
2021-01-07,192.89
2021-01-07,183.38
2021-01-07,241.52
2021-01-08,208.26
2021-01-08,214.69
2021-01-08,185.41
2021-01-09,203.57
2021-01-09,217.22
2021-01-09,192.53
2021-01-10,223.59
2021-01-10,204.59
2021-01-10,211.29
2021-01-11,205.6
2021-01-11,255.19
2021-01-11,218.37
2021-01-12,197.97
2021-01-12,236.06
2021-01-12,195.66
2021-01-13,224.72
2021-01-13,181.8
2021-01-13,194.88
2021-01-14,225.81
2021-01-14,237.07
2021-01-14,226.14
2021-01-15,220.81
2021-01-15,217.49
2021-01-15,194.33
2021-01-16,209.88
2021-01-16,215.43
2021-01-16,246.14
2021-01-17,232.21
2021-01-17,190.41
2021-01-17,232.47
2021-01-18,218.59
2021-01-18,213.05
2021-01-18,239.11
2021-01-19,247.77
2021-01-19,246.04
2021-01-19,210.88
2021-01-20,221.71
2021-01-20,234.75
2021-01-20,247.85
2021-01-21,218.95
2021-01-21,225.01
2021-01-21,206.77
2021-01-22,205.14
2021-01-22,245.46
2021-01-22,256.47
2021-01-23,228.03
2021-01-23,249.65
2021-01-23,236.91
2021-01-24,216.86
2021-01-24,237.07
2021-01-24,260.66
2021-01-25,229.23
2021-01-25,261.27
2021-01-25,177.6
2021-01-26,246.44
2021-01-26,231.73
2021-01-26,223.99
2021-01-27,231.77
2021-01-27,190.14
2021-01-27,225.44
2021-01-28,236.9
2021-01-28,259.23
2021-01-28,219.21
2021-01-29,213.3
2021-01-29,219.31
2021-01-29,247.51
2021-01-30,235.63
2021-01-30,218.29
2021-01-30,238.98
2021-01-31,230.47
2021-01-31,247.7
2021-01-31,214.07
2021-02-01,221.33
2021-02-01,219.81
2021-02-01,198.13
2021-02-02,233.06
2021-02-02,232.08
2021-02-02,226.68
2021-02-03,221.59
2021-02-03,197.66
2021-02-03,217.24
2021-02-04,218.46
2021-02-04,208.93
2021-02-04,221.4
2021-02-05,232.34
2021-02-05,261.61
2021-02-05,226.99
2021-02-06,228.25
2021-02-06,221.21
2021-02-06,183.9
2021-02-07,221.32
2021-02-07,222.62
2021-02-07,270.24
2021-02-08,216.67
2021-02-08,226.09
2021-02-08,218.89
2021-02-09,195.73
2021-02-09,241.47
2021-02-09,233.16
2021-02-10,233.43
2021-02-10,198.91
2021-02-10,244.64
2021-02-11,188.02
2021-02-11,227.26
2021-02-11,258.79
2021-02-12,194.62
2021-02-12,202.55
2021-02-12,215.31
2021-02-13,202.68
2021-02-13,181.16
2021-02-13,212.97
2021-02-14,189.77
2021-02-14,219.9
2021-02-14,191.45
2021-02-15,240.24
2021-02-15,192.98
2021-02-15,201.6
2021-02-16,223.7
2021-02-16,182.2
2021-02-16,210.76
2021-02-17,231.74
2021-02-17,172.82
2021-02-17,208.05
2021-02-18,208.93
2021-02-18,218.74
2021-02-18,177.74
2021-02-19,175.44
2021-02-19,211.66
2021-02-19,206.54
2021-02-20,204.98
2021-02-20,206.27
2021-02-20,185.11
2021-02-21,202.73
2021-02-21,203.32
2021-02-21,182.54
2021-02-22,233.52
2021-02-22,205.06
2021-02-22,171.14
2021-02-23,207.48
2021-02-23,174.24
2021-02-23,208.86
2021-02-24,215.68
2021-02-24,175.49
2021-02-24,210.56
2021-02-25,198.95
2021-02-25,206.54
2021-02-25,227.45
2021-02-26,184.02
2021-02-26,173.27
2021-02-26,169.98
2021-02-27,170.88
2021-02-27,185.09
2021-02-27,192.89
2021-02-28,191.05
2021-02-28,201.51
2021-02-28,184.69
2021-03-01,212.96
2021-03-01,178.07
2021-03-01,237.25
2021-03-02,194.85
2021-03-02,164.69
2021-03-02,159.92
2021-03-03,190.5
2021-03-03,175.9
2021-03-03,194.18
2021-03-04,188.9
2021-03-04,177.53
2021-03-04,161.6
2021-03-05,147.81
2021-03-05,168.75
2021-03-05,194.39
2021-03-06,181.14
2021-03-06,151.55
2021-03-06,179.54
2021-03-07,183.41
2021-03-07,157.66
2021-03-07,178.06
2021-03-08,175.81
2021-03-08,151.46
2021-03-08,181.15
2021-03-09,184.91
2021-03-09,195.06
2021-03-09,194.19
2021-03-10,145.28
2021-03-10,153.82
2021-03-10,182.63
2021-03-11,182.37
2021-03-11,182.17
2021-03-11,248.71
2021-03-12,182.87
2021-03-12,193.98
2021-03-12,190.17
2021-03-13,183.96
2021-03-13,164.48
2021-03-13,185.83
2021-03-14,155.07
2021-03-14,165.68
2021-03-14,160.61
2021-03-15,171.87
2021-03-15,216.45
2021-03-15,132.76
2021-03-16,183.78
2021-03-16,137.77
2021-03-16,160.57
2021-03-17,191.78
2021-03-17,171.29
2021-03-17,148.47
2021-03-18,155.76
2021-03-18,183.7
2021-03-18,155.56
2021-03-19,174.57
2021-03-19,171.24
2021-03-19,157.4
2021-03-20,213.42
2021-03-20,183.34
2021-03-20,130.3
2021-03-21,174.68
2021-03-21,157.88
2021-03-21,188.34
2021-03-22,155.63
2021-03-22,169.39
2021-03-22,182.0
2021-03-23,189.44
2021-03-23,148.36
2021-03-23,165.92
2021-03-24,163.38
2021-03-24,160.09
2021-03-24,208.75
2021-03-25,181.84
2021-03-25,148.83
2021-03-25,192.72
2021-03-26,217.14
2021-03-26,195.69
2021-03-26,145.01
2021-03-27,166.08
2021-03-27,201.47
2021-03-27,162.37
2021-03-28,185.8
2021-03-28,192.82
2021-03-28,159.2
2021-03-29,176.98
2021-03-29,113.78
2021-03-29,158.56
2021-03-30,174.45
2021-03-30,155.01
2021-03-30,213.09
2021-03-31,152.32
2021-03-31,172.61
2021-03-31,184.52
2021-04-01,211.24
2021-04-01,154.21
2021-04-01,206.71
2021-04-02,184.18
2021-04-02,164.88
2021-04-02,194.29
2021-04-03,189.58
2021-04-03,174.15
2021-04-03,188.11
2021-04-04,179.57
2021-04-04,190.12
2021-04-04,201.67
2021-04-05,220.73
2021-04-05,164.84
2021-04-05,232.85
2021-04-06,151.74
2021-04-06,188.35
2021-04-06,203.76
2021-04-07,198.22
2021-04-07,180.75
2021-04-07,189.66
2021-04-08,184.58
2021-04-08,183.27
2021-04-08,212.67
2021-04-09,203.44
2021-04-09,183.07
2021-04-09,215.54
2021-04-10,204.32
2021-04-10,215.06
2021-04-10,212.03
2021-04-11,183.48
2021-04-11,189.49
2021-04-11,216.27
2021-04-12,214.15
2021-04-12,202.16
2021-04-12,205.55
2021-04-13,229.38
2021-04-13,192.61
2021-04-13,216.01
2021-04-14,201.64
2021-04-14,201.95
2021-04-14,228.89
2021-04-15,224.03
2021-04-15,224.4
2021-04-15,234.84
2021-04-16,209.75
2021-04-16,223.57
2021-04-16,204.31
2021-04-17,217.59
2021-04-17,209.08
2021-04-17,214.2
2021-04-18,224.74
2021-04-18,197.04
2021-04-18,255.81
2021-04-19,194.39
2021-04-19,190.78
2021-04-19,238.76
2021-04-20,231.97
2021-04-20,229.14
2021-04-20,229.74
2021-04-21,217.44
2021-04-21,200.25
2021-04-21,220.2
2021-04-22,205.63
2021-04-22,239.16
2021-04-22,217.18
2021-04-23,204.08
2021-04-23,214.61
2021-04-23,229.74
2021-04-24,210.64
2021-04-24,205.9
2021-04-24,227.63
2021-04-25,228.06
2021-04-25,213.42
2021-04-25,214.52
2021-04-26,228.95
2021-04-26,195.71
2021-04-26,196.88
2021-04-27,211.0
2021-04-27,221.43
2021-04-27,232.24
2021-04-28,255.83
2021-04-28,243.77
2021-04-28,223.71
2021-04-29,226.8
2021-04-29,207.39
2021-04-29,227.31
2021-04-30,222.15
2021-04-30,234.6
2021-04-30,211.81
2021-05-01,238.94
2021-05-01,259.4
2021-05-01,226.74
2021-05-02,237.11
2021-05-02,243.03
2021-05-02,221.34
2021-05-03,233.96
2021-05-03,229.84
2021-05-03,231.64
2021-05-04,214.31
2021-05-04,230.33
2021-05-04,239.86
2021-05-05,258.97
2021-05-05,249.16
2021-05-05,273.06
2021-05-06,214.65
2021-05-06,247.44
2021-05-06,233.64
2021-05-07,273.73
2021-05-07,213.72
2021-05-07,213.03
2021-05-08,217.77
2021-05-08,187.19
2021-05-08,219.05
2021-05-09,214.27
2021-05-09,232.34
2021-05-09,236.02
2021-05-10,266.56
2021-05-10,247.88
2021-05-10,217.16
2021-05-11,210.54
2021-05-11,238.14
2021-05-11,201.69
2021-05-12,264.49
2021-05-12,251.21
2021-05-12,217.99
2021-05-13,192.85
2021-05-13,253.91
2021-05-13,224.26
2021-05-14,251.01
2021-05-14,194.05
2021-05-14,213.63
2021-05-15,225.39
2021-05-15,225.88
2021-05-15,215.58
2021-05-16,236.68
2021-05-16,202.49
2021-05-16,220.61
2021-05-17,225.47
2021-05-17,232.94
2021-05-17,236.47
2021-05-18,199.32
2021-05-18,190.69
2021-05-18,246.48
2021-05-19,227.12
2021-05-19,205.04
2021-05-19,250.56
2021-05-20,221.37
2021-05-20,242.15
2021-05-20,219.42
2021-05-21,258.78
2021-05-21,252.16
2021-05-21,211.55
2021-05-22,235.43
2021-05-22,228.37
2021-05-22,242.3
2021-05-23,195.08
2021-05-23,227.54
2021-05-23,234.43
2021-05-24,177.52
2021-05-24,188.45
2021-05-24,170.76
2021-05-25,205.57
2021-05-25,224.72
2021-05-25,239.83
2021-05-26,210.67
2021-05-26,241.16
2021-05-26,180.38
2021-05-27,173.3
2021-05-27,205.65
2021-05-27,213.83
2021-05-28,204.88
2021-05-28,163.56
2021-05-28,202.51
2021-05-29,177.58
2021-05-29,216.44
2021-05-29,209.75
2021-05-30,182.99
2021-05-30,190.89
2021-05-30,179.35
2021-05-31,198.65
2021-05-31,218.38
2021-05-31,178.93
2021-06-01,208.1
2021-06-01,186.79
2021-06-01,180.91
2021-06-02,194.0
2021-06-02,174.82
2021-06-02,183.83
2021-06-03,170.33
2021-06-03,232.96
2021-06-03,193.76
2021-06-04,178.45
2021-06-04,196.12
2021-06-04,188.99
2021-06-05,186.22
2021-06-05,202.33
2021-06-05,204.6
2021-06-06,178.26
2021-06-06,176.77
2021-06-06,182.21
2021-06-07,141.1
2021-06-07,156.27
2021-06-07,213.35
2021-06-08,218.36
2021-06-08,179.93
2021-06-08,195.91
2021-06-09,190.07
2021-06-09,244.89
2021-06-09,205.19
2021-06-10,179.73
2021-06-10,162.67
2021-06-10,149.16
2021-06-11,184.87
2021-06-11,165.19
2021-06-11,151.41
2021-06-12,166.46
2021-06-12,157.31
2021-06-12,212.24
2021-06-13,195.69
2021-06-13,177.48
2021-06-13,206.82
2021-06-14,178.37
2021-06-14,159.2
2021-06-14,206.5
2021-06-15,186.45
2021-06-15,154.56
2021-06-15,171.15
2021-06-16,157.1
2021-06-16,146.63
2021-06-16,192.49
2021-06-17,211.85
2021-06-17,145.39
2021-06-17,184.34
2021-06-18,159.8
2021-06-18,162.81
2021-06-18,160.46
2021-06-19,154.79
2021-06-19,172.82
2021-06-19,155.01
2021-06-20,176.84
2021-06-20,170.24
2021-06-20,166.3
2021-06-21,152.76
2021-06-21,159.23
2021-06-21,185.74
2021-06-22,180.53
2021-06-22,150.85
2021-06-22,172.29
2021-06-23,185.25
2021-06-23,136.77
2021-06-23,180.96
2021-06-24,156.8
2021-06-24,181.43
2021-06-24,154.74
2021-06-25,133.9
2021-06-25,137.46
2021-06-25,170.99
2021-06-26,175.26
2021-06-26,152.03
2021-06-26,182.95
2021-06-27,137.02
2021-06-27,169.02
2021-06-27,146.22
2021-06-28,157.52
2021-06-28,171.63
2021-06-28,153.61
2021-06-29,163.28
2021-06-29,191.26
2021-06-29,159.78
2021-06-30,188.22
2021-06-30,149.11
2021-06-30,182.52
2021-07-01,200.98
2021-07-01,122.96
2021-07-01,156.7
2021-07-02,184.45
2021-07-02,169.12
2021-07-02,180.89
2021-07-03,161.69
2021-07-03,175.81
2021-07-03,171.29
2021-07-04,198.09
2021-07-04,180.17
2021-07-04,182.18
2021-07-05,167.56
2021-07-05,166.42
2021-07-05,167.91
2021-07-06,184.85
2021-07-06,168.95
2021-07-06,183.58
2021-07-07,219.72
2021-07-07,196.07
2021-07-07,172.57
2021-07-08,203.57
2021-07-08,171.85
2021-07-08,139.72
2021-07-09,160.81
2021-07-09,144.04
2021-07-09,174.93
2021-07-10,182.83
2021-07-10,216.51
2021-07-10,190.04
2021-07-11,179.64
2021-07-11,201.15
2021-07-11,140.88
2021-07-12,190.37
2021-07-12,201.63
2021-07-12,157.2
2021-07-13,210.21
2021-07-13,194.68
2021-07-13,180.18
2021-07-14,201.73
2021-07-14,235.07
2021-07-14,193.89
2021-07-15,195.81
2021-07-15,182.26
2021-07-15,175.05
2021-07-16,209.27
2021-07-16,176.15
2021-07-16,195.31
2021-07-17,184.95
2021-07-17,204.7
2021-07-17,202.41
2021-07-18,217.11
2021-07-18,186.79
2021-07-18,192.22
2021-07-19,178.67
2021-07-19,189.98
2021-07-19,207.04
2021-07-20,215.27
2021-07-20,182.31
2021-07-20,218.77
2021-07-21,229.12
2021-07-21,210.91
2021-07-21,240.8
2021-07-22,188.41
2021-07-22,179.62
2021-07-22,169.55
2021-07-23,235.67
2021-07-23,219.45
2021-07-23,205.86
2021-07-24,213.18
2021-07-24,185.68
2021-07-24,257.71
2021-07-25,211.98
2021-07-25,212.18
2021-07-25,225.09
2021-07-26,220.78
2021-07-26,216.22
2021-07-26,196.51
2021-07-27,222.32
2021-07-27,251.1
2021-07-27,240.92
2021-07-28,246.43
2021-07-28,204.89
2021-07-28,195.86
2021-07-29,213.67
2021-07-29,217.83
2021-07-29,239.11
2021-07-30,183.89
2021-07-30,248.83
2021-07-30,215.58
2021-07-31,210.69
2021-07-31,199.46
2021-07-31,187.08
2021-08-01,237.1
2021-08-01,222.55
2021-08-01,195.73
2021-08-02,196.06
2021-08-02,215.67
2021-08-02,256.18
2021-08-03,218.01
2021-08-03,193.53
2021-08-03,219.06
2021-08-04,218.9
2021-08-04,170.77
2021-08-04,223.98
2021-08-05,220.78
2021-08-05,239.66
2021-08-05,263.03
2021-08-06,248.89
2021-08-06,221.27
2021-08-06,204.8
2021-08-07,278.67
2021-08-07,228.65
2021-08-07,227.99
2021-08-08,227.46
2021-08-08,232.13
2021-08-08,225.49
2021-08-09,217.1
2021-08-09,217.82
2021-08-09,228.28
2021-08-10,218.22
2021-08-10,214.98
2021-08-10,231.5
2021-08-11,224.39
2021-08-11,259.68
2021-08-11,176.68
2021-08-12,251.61
2021-08-12,254.77
2021-08-12,188.44
2021-08-13,223.1
2021-08-13,222.55
2021-08-13,201.85
2021-08-14,214.44
2021-08-14,207.78
2021-08-14,265.01
2021-08-15,248.65
2021-08-15,255.31
2021-08-15,244.25
2021-08-16,207.16
2021-08-16,219.17
2021-08-16,239.34
2021-08-17,205.0
2021-08-17,243.57
2021-08-17,224.37
2021-08-18,221.52
2021-08-18,243.07
2021-08-18,237.56
2021-08-19,221.27
2021-08-19,251.47
2021-08-19,206.45
2021-08-20,240.16
2021-08-20,239.46
2021-08-20,221.16
2021-08-21,233.61
2021-08-21,201.78
2021-08-21,245.0
2021-08-22,222.52
2021-08-22,215.45
2021-08-22,246.56
2021-08-23,211.16
2021-08-23,196.74
2021-08-23,193.42
2021-08-24,236.3
2021-08-24,198.2
2021-08-24,258.51
2021-08-25,181.38
2021-08-25,256.54
2021-08-25,226.41
2021-08-26,219.83
2021-08-26,210.43
2021-08-26,228.87
2021-08-27,219.67
2021-08-27,242.03
2021-08-27,221.77
2021-08-28,222.01
2021-08-28,211.24
2021-08-28,216.88
2021-08-29,223.67
2021-08-29,182.79
2021-08-29,189.51
2021-08-30,230.81
2021-08-30,218.83
2021-08-30,211.19
2021-08-31,214.69
2021-08-31,220.72
2021-08-31,202.41
2021-09-01,197.07
2021-09-01,215.98
2021-09-01,191.92
2021-09-02,219.07
2021-09-02,176.26
2021-09-02,230.3
2021-09-03,218.58
2021-09-03,213.64
2021-09-03,227.57
2021-09-04,240.62
2021-09-04,226.99
2021-09-04,169.27
2021-09-05,179.88
2021-09-05,192.35
2021-09-05,204.75
2021-09-06,213.96
2021-09-06,188.47
2021-09-06,206.09
2021-09-07,186.62
2021-09-07,188.87
2021-09-07,172.34
2021-09-08,181.38
2021-09-08,172.18
2021-09-08,179.07
2021-09-09,219.03
2021-09-09,178.34
2021-09-09,249.35
2021-09-10,205.95
2021-09-10,199.16
2021-09-10,177.67
2021-09-11,208.23
2021-09-11,182.09
2021-09-11,195.43
2021-09-12,243.59
2021-09-12,189.86
2021-09-12,214.16
2021-09-13,176.51
2021-09-13,189.28
2021-09-13,224.81
2021-09-14,176.27
2021-09-14,224.48
2021-09-14,201.81
2021-09-15,175.83
2021-09-15,199.16
2021-09-15,205.41
2021-09-16,197.84
2021-09-16,153.46
2021-09-16,169.78
2021-09-17,178.84
2021-09-17,181.77
2021-09-17,195.16
2021-09-18,185.79
2021-09-18,155.03
2021-09-18,188.84
2021-09-19,192.96
2021-09-19,191.47
2021-09-19,201.42
2021-09-20,196.02
2021-09-20,188.08
2021-09-20,177.05
2021-09-21,144.8
2021-09-21,186.19
2021-09-21,181.34
2021-09-22,182.21
2021-09-22,150.85
2021-09-22,154.38
2021-09-23,196.7
2021-09-23,174.48
2021-09-23,188.55
2021-09-24,175.15
2021-09-24,174.85
2021-09-24,192.7
2021-09-25,163.31
2021-09-25,175.26
2021-09-25,163.81
2021-09-26,164.09
2021-09-26,166.34
2021-09-26,176.72
2021-09-27,162.47
2021-09-27,196.94
2021-09-27,153.72
2021-09-28,167.68
2021-09-28,162.44
2021-09-28,200.0
2021-09-29,174.83
2021-09-29,191.39
2021-09-29,140.91
2021-09-30,175.84
2021-09-30,188.18
2021-09-30,171.94
2021-10-01,191.53
2021-10-01,159.8
2021-10-01,198.28
2021-10-02,216.03
2021-10-02,162.76
2021-10-02,161.09
2021-10-03,199.07
2021-10-03,201.6
2021-10-03,159.58
2021-10-04,161.67
2021-10-04,164.48
2021-10-04,143.29
2021-10-05,151.89
2021-10-05,150.26
2021-10-05,155.09
2021-10-06,169.87
2021-10-06,175.38
2021-10-06,201.84
2021-10-07,151.02
2021-10-07,190.84
2021-10-07,167.05
2021-10-08,170.53
2021-10-08,185.22
2021-10-08,149.49
2021-10-09,179.82
2021-10-09,175.74
2021-10-09,182.52
2021-10-10,178.71
2021-10-10,222.31
2021-10-10,160.74
2021-10-11,163.18
2021-10-11,161.65
2021-10-11,163.32
2021-10-12,162.02
2021-10-12,198.89
2021-10-12,203.88
2021-10-13,164.42
2021-10-13,159.57
2021-10-13,186.03
2021-10-14,165.96
2021-10-14,190.07
2021-10-14,181.89
2021-10-15,147.94
2021-10-15,209.64
2021-10-15,215.06
2021-10-16,167.34
2021-10-16,172.31
2021-10-16,186.25
2021-10-17,187.71
2021-10-17,194.68
2021-10-17,222.21
2021-10-18,178.98
2021-10-18,167.06
2021-10-18,155.96
2021-10-19,169.46
2021-10-19,183.95
2021-10-19,221.05
2021-10-20,175.36
2021-10-20,190.74
2021-10-20,186.5
2021-10-21,211.16
2021-10-21,238.51
2021-10-21,177.93
2021-10-22,179.34
2021-10-22,210.6
2021-10-22,203.95
2021-10-23,227.84
2021-10-23,203.19
2021-10-23,184.93
2021-10-24,204.53
2021-10-24,215.51
2021-10-24,210.35
2021-10-25,204.71
2021-10-25,216.51
2021-10-25,219.19
2021-10-26,224.07
2021-10-26,210.02
2021-10-26,194.33
2021-10-27,201.24
2021-10-27,223.06
2021-10-27,183.22
2021-10-28,207.56
2021-10-28,192.95
2021-10-28,202.02
2021-10-29,227.64
2021-10-29,206.52
2021-10-29,204.25
2021-10-30,176.75
2021-10-30,219.5
2021-10-30,218.1
2021-10-31,249.07
2021-10-31,200.27
2021-10-31,211.42
2021-11-01,212.63
2021-11-01,239.8
2021-11-01,206.95
2021-11-02,215.03
2021-11-02,222.2
2021-11-02,214.37
2021-11-03,202.29
2021-11-03,215.68
2021-11-03,233.85
2021-11-04,192.42
2021-11-04,216.17
2021-11-04,200.07
2021-11-05,238.52
2021-11-05,184.7
2021-11-05,204.53
2021-11-06,223.78
2021-11-06,248.07
2021-11-06,215.97
2021-11-07,206.69
2021-11-07,255.92
2021-11-07,189.83
2021-11-08,175.3
2021-11-08,228.55
2021-11-08,210.18
2021-11-09,200.25
2021-11-09,235.3
2021-11-09,226.45
2021-11-10,210.72
2021-11-10,196.82
2021-11-10,240.29
2021-11-11,236.24
2021-11-11,221.65
2021-11-11,260.95
2021-11-12,202.98
2021-11-12,194.24
2021-11-12,211.26
2021-11-13,224.52
2021-11-13,230.63
2021-11-13,221.25
2021-11-14,233.43
2021-11-14,201.65
2021-11-14,255.83
2021-11-15,225.59
2021-11-15,249.83
2021-11-15,234.59
2021-11-16,237.1
2021-11-16,239.58
2021-11-16,237.35
2021-11-17,241.45
2021-11-17,255.36
2021-11-17,232.88
2021-11-18,243.29
2021-11-18,227.46
2021-11-18,258.19
2021-11-19,215.98
2021-11-19,265.63
2021-11-19,228.9
2021-11-20,201.17
2021-11-20,232.42
2021-11-20,216.29
2021-11-21,246.77
2021-11-21,216.93
2021-11-21,221.07
2021-11-22,192.21
2021-11-22,220.94
2021-11-22,181.49
2021-11-23,198.25
2021-11-23,245.09
2021-11-23,245.53
2021-11-24,238.25
2021-11-24,210.31
2021-11-24,228.59
2021-11-25,229.36
2021-11-25,206.13
2021-11-25,259.23
2021-11-26,246.55
2021-11-26,224.42
2021-11-26,229.2
2021-11-27,232.63
2021-11-27,187.43
2021-11-27,223.1
2021-11-28,214.18
2021-11-28,207.54
2021-11-28,221.7
2021-11-29,263.01
2021-11-29,239.59
2021-11-29,215.07
2021-11-30,237.64
2021-11-30,253.86
2021-11-30,244.04
2021-12-01,226.41
2021-12-01,211.93
2021-12-01,238.48
2021-12-02,232.02
2021-12-02,241.67
2021-12-02,236.08
2021-12-03,243.97
2021-12-03,211.87
2021-12-03,248.5
2021-12-04,225.68
2021-12-04,262.79
2021-12-04,207.05
2021-12-05,255.1
2021-12-05,223.87
2021-12-05,206.41
2021-12-06,209.28
2021-12-06,212.06
2021-12-06,226.45
2021-12-07,227.92
2021-12-07,205.47
2021-12-07,215.94
2021-12-08,258.74
2021-12-08,249.91
2021-12-08,223.54
2021-12-09,215.02
2021-12-09,216.11
2021-12-09,225.42
2021-12-10,192.12
2021-12-10,206.86
2021-12-10,178.05
2021-12-11,218.83
2021-12-11,223.2
2021-12-11,200.0
2021-12-12,240.54
2021-12-12,183.95
2021-12-12,178.57
2021-12-13,211.74
2021-12-13,227.58
2021-12-13,239.7
2021-12-14,196.23
2021-12-14,226.36
2021-12-14,203.4
2021-12-15,200.09
2021-12-15,220.59
2021-12-15,215.34
2021-12-16,170.14
2021-12-16,230.57
2021-12-16,228.01
2021-12-17,187.27
2021-12-17,207.07
2021-12-17,208.4
2021-12-18,203.11
2021-12-18,186.26
2021-12-18,183.21
2021-12-19,195.51
2021-12-19,218.85
2021-12-19,205.65
2021-12-20,186.75
2021-12-20,208.98
2021-12-20,135.96
2021-12-21,215.3
2021-12-21,156.92
2021-12-21,183.87
2021-12-22,168.12
2021-12-22,164.03
2021-12-22,212.55
2021-12-23,179.39
2021-12-23,195.1
2021-12-23,186.66
2021-12-24,196.56
2021-12-24,188.0
2021-12-24,160.24
2021-12-25,205.28
2021-12-25,174.93
2021-12-25,153.14
2021-12-26,175.17
2021-12-26,213.23
2021-12-26,199.7
2021-12-27,175.21
2021-12-27,174.7
2021-12-27,174.76
2021-12-28,222.24
2021-12-28,187.86
2021-12-28,188.36
2021-12-29,199.9
2021-12-29,183.62
2021-12-29,173.23
2021-12-30,174.05
2021-12-30,176.12
2021-12-30,176.4
2021-12-31,191.29
2021-12-31,177.39
2021-12-31,190.62
2022-01-01,173.98
2022-01-01,176.81
2022-01-01,134.92
2022-01-02,192.87
2022-01-02,181.15
2022-01-02,193.86
2022-01-03,115.68
2022-01-03,215.08
2022-01-03,170.23
2022-01-04,194.92
2022-01-04,151.7
2022-01-04,184.51
2022-01-05,150.95
2022-01-05,159.33
2022-01-05,209.87
2022-01-06,167.58
2022-01-06,175.56
2022-01-06,188.44
2022-01-07,180.8
2022-01-07,173.75
2022-01-07,177.91
2022-01-08,218.56
2022-01-08,169.23
2022-01-08,174.31
2022-01-09,191.22
2022-01-09,192.25
2022-01-09,193.83
2022-01-10,182.82
2022-01-10,147.16
2022-01-10,202.67
2022-01-11,147.07
2022-01-11,176.07
2022-01-11,154.95
2022-01-12,168.79
2022-01-12,176.7
2022-01-12,176.62
2022-01-13,178.71
2022-01-13,202.63
2022-01-13,179.53
2022-01-14,165.69
2022-01-14,189.99
2022-01-14,194.64
2022-01-15,146.45
2022-01-15,183.12
2022-01-15,185.37
2022-01-16,165.59
2022-01-16,199.26
2022-01-16,168.96
2022-01-17,174.71
2022-01-17,168.98
2022-01-17,173.0
2022-01-18,151.03
2022-01-18,144.44
2022-01-18,205.42
2022-01-19,156.89
2022-01-19,154.31
2022-01-19,131.4
2022-01-20,162.02
2022-01-20,148.69
2022-01-20,208.34
2022-01-21,196.07
2022-01-21,162.49
2022-01-21,221.69
2022-01-22,196.68
2022-01-22,170.95
2022-01-22,127.88
2022-01-23,224.12
2022-01-23,150.95
2022-01-23,146.28
2022-01-24,200.09
2022-01-24,228.9
2022-01-24,208.27
2022-01-25,192.34
2022-01-25,193.45
2022-01-25,199.13
2022-01-26,197.74
2022-01-26,188.7
2022-01-26,185.69
2022-01-27,182.88
2022-01-27,169.59
2022-01-27,179.6
2022-01-28,151.9
2022-01-28,184.35
2022-01-28,167.11
2022-01-29,165.38
2022-01-29,191.62
2022-01-29,216.44
2022-01-30,207.55
2022-01-30,158.37
2022-01-30,170.58
2022-01-31,209.78
2022-01-31,171.92
2022-01-31,187.68
2022-02-01,203.78
2022-02-01,174.03
2022-02-01,196.11
2022-02-02,167.94
2022-02-02,183.22
2022-02-02,202.26
2022-02-03,164.63
2022-02-03,205.92
2022-02-03,197.35
2022-02-04,209.42
2022-02-04,203.47
2022-02-04,226.91
2022-02-05,202.76
2022-02-05,192.29
2022-02-05,203.95
2022-02-06,213.0
2022-02-06,203.74
2022-02-06,204.2
2022-02-07,189.97
2022-02-07,191.37
2022-02-07,177.2
2022-02-08,240.86
2022-02-08,181.61
2022-02-08,193.24
2022-02-09,193.34
2022-02-09,226.21
2022-02-09,203.02
2022-02-10,234.47
2022-02-10,196.64
2022-02-10,216.28
2022-02-11,194.57
2022-02-11,254.76
2022-02-11,188.68
2022-02-12,219.2
2022-02-12,226.24
2022-02-12,222.4
2022-02-13,210.97
2022-02-13,212.63
2022-02-13,216.64
2022-02-14,213.35
2022-02-14,236.09
2022-02-14,261.54
2022-02-15,206.69
2022-02-15,190.95
2022-02-15,217.07
2022-02-16,270.92
2022-02-16,203.72
2022-02-16,253.05
2022-02-17,254.28
2022-02-17,210.1
2022-02-17,232.99
2022-02-18,254.61
2022-02-18,214.88
2022-02-18,218.81
2022-02-19,211.65
2022-02-19,203.38
2022-02-19,211.07
2022-02-20,199.94
2022-02-20,225.46
2022-02-20,209.73
2022-02-21,230.14
2022-02-21,194.68
2022-02-21,232.73
2022-02-22,243.09
2022-02-22,186.83
2022-02-22,234.47
2022-02-23,251.81
2022-02-23,203.32
2022-02-23,261.21
2022-02-24,236.37
2022-02-24,214.11
2022-02-24,227.3
2022-02-25,239.78
2022-02-25,230.31
2022-02-25,239.74
2022-02-26,210.71
2022-02-26,232.65
2022-02-26,201.12
2022-02-27,227.29
2022-02-27,211.54
2022-02-27,215.01
2022-02-28,254.52
2022-02-28,251.69
2022-02-28,242.1
2022-03-01,208.11
2022-03-01,223.66
2022-03-01,254.26
2022-03-02,232.83
2022-03-02,276.37
2022-03-02,237.83
2022-03-03,233.76
2022-03-03,223.69
2022-03-03,232.48
2022-03-04,226.68
2022-03-04,243.8
2022-03-04,248.67
2022-03-05,213.7
2022-03-05,202.66
2022-03-05,192.42
2022-03-06,239.15
2022-03-06,206.75
2022-03-06,185.58
2022-03-07,236.22
2022-03-07,278.1
2022-03-07,227.9
2022-03-08,244.56
2022-03-08,229.19
2022-03-08,225.32
2022-03-09,245.41
2022-03-09,220.94
2022-03-09,231.81
2022-03-10,232.59
2022-03-10,212.48
2022-03-10,245.36
2022-03-11,221.68
2022-03-11,209.72
2022-03-11,235.21
2022-03-12,206.14
2022-03-12,224.29
2022-03-12,223.16
2022-03-13,244.66
2022-03-13,232.02
2022-03-13,221.61
2022-03-14,238.04
2022-03-14,249.05
2022-03-14,231.95
2022-03-15,220.54
2022-03-15,193.63
2022-03-15,198.09
2022-03-16,212.8
2022-03-16,206.23
2022-03-16,214.18
2022-03-17,218.54
2022-03-17,227.49
2022-03-17,214.96
2022-03-18,225.57
2022-03-18,216.59
2022-03-18,175.25
2022-03-19,195.42
2022-03-19,210.77
2022-03-19,188.9
2022-03-20,224.52
2022-03-20,242.56
2022-03-20,235.74
2022-03-21,206.51
2022-03-21,240.01
2022-03-21,212.57
2022-03-22,202.26
2022-03-22,196.13
2022-03-22,201.75
2022-03-23,199.43
2022-03-23,209.99
2022-03-23,209.17
2022-03-24,205.41
2022-03-24,213.46
2022-03-24,227.92
2022-03-25,222.47
2022-03-25,173.16
2022-03-25,151.15
2022-03-26,220.29
2022-03-26,173.64
2022-03-26,195.85
2022-03-27,176.31
2022-03-27,163.05
2022-03-27,209.29
2022-03-28,213.02
2022-03-28,185.68
2022-03-28,144.76
2022-03-29,185.03
2022-03-29,203.17
2022-03-29,165.14
2022-03-30,197.77
2022-03-30,193.18
2022-03-30,204.46
2022-03-31,194.65
2022-03-31,172.2
2022-03-31,214.99
2022-04-01,187.29
2022-04-01,189.32
2022-04-01,170.61
2022-04-02,179.82
2022-04-02,170.41
2022-04-02,184.08
2022-04-03,221.2
2022-04-03,158.97
2022-04-03,153.58
2022-04-04,214.72
2022-04-04,180.56
2022-04-04,170.83
2022-04-05,204.48
2022-04-05,171.05
2022-04-05,219.16
2022-04-06,195.69
2022-04-06,171.87
2022-04-06,224.29
2022-04-07,168.54
2022-04-07,195.02
2022-04-07,185.7
2022-04-08,205.29
2022-04-08,210.03
2022-04-08,179.0
2022-04-09,162.86
2022-04-09,186.71
2022-04-09,163.55
2022-04-10,216.97
2022-04-10,179.04
2022-04-10,168.62
2022-04-11,179.25
2022-04-11,148.26
2022-04-11,155.42
2022-04-12,198.52
2022-04-12,161.05
2022-04-12,152.94
2022-04-13,184.3
2022-04-13,196.99
2022-04-13,187.38
2022-04-14,192.65
2022-04-14,157.34
2022-04-14,143.8
2022-04-15,202.03
2022-04-15,165.33
2022-04-15,166.56
2022-04-16,197.94
2022-04-16,182.32
2022-04-16,180.14
2022-04-17,214.17
2022-04-17,157.86
2022-04-17,189.15
2022-04-18,171.62
2022-04-18,175.74
2022-04-18,200.85
2022-04-19,180.36
2022-04-19,180.9
2022-04-19,191.53
2022-04-20,162.74
2022-04-20,153.23
2022-04-20,149.11
2022-04-21,130.67
2022-04-21,211.14
2022-04-21,147.98
2022-04-22,165.65
2022-04-22,164.6
2022-04-22,176.35
2022-04-23,186.59
2022-04-23,187.58
2022-04-23,158.81
2022-04-24,167.25
2022-04-24,176.37
2022-04-24,165.89
2022-04-25,203.17
2022-04-25,181.01
2022-04-25,186.07
2022-04-26,184.82
2022-04-26,195.24
2022-04-26,175.61
2022-04-27,146.28
2022-04-27,180.46
2022-04-27,159.69
2022-04-28,162.41
2022-04-28,184.99
2022-04-28,198.32
2022-04-29,174.28
2022-04-29,180.35
2022-04-29,208.54
2022-04-30,179.65
2022-04-30,227.22
2022-04-30,186.85
2022-05-01,140.69
2022-05-01,191.36
2022-05-01,184.3
2022-05-02,202.88
2022-05-02,190.95
2022-05-02,175.14
2022-05-03,153.86
2022-05-03,174.6
2022-05-03,162.22
2022-05-04,168.08
2022-05-04,191.93
2022-05-04,214.03
2022-05-05,189.01
2022-05-05,157.69
2022-05-05,191.0
2022-05-06,206.55
2022-05-06,170.94
2022-05-06,180.98
2022-05-07,184.48
2022-05-07,169.03
2022-05-07,198.23
2022-05-08,183.4
2022-05-08,194.77
2022-05-08,169.19
2022-05-09,178.76
2022-05-09,202.53
2022-05-09,181.2
2022-05-10,223.78
2022-05-10,181.84
2022-05-10,194.92
2022-05-11,209.68
2022-05-11,163.26
2022-05-11,157.02
2022-05-12,162.33
2022-05-12,218.71
2022-05-12,183.03
2022-05-13,245.85
2022-05-13,184.02
2022-05-13,199.62
2022-05-14,227.39
2022-05-14,237.3
2022-05-14,239.03
2022-05-15,222.6
2022-05-15,219.54
2022-05-15,211.54
2022-05-16,215.88
2022-05-16,189.92
2022-05-16,185.21
2022-05-17,202.13
2022-05-17,199.42
2022-05-17,194.38
2022-05-18,218.0
2022-05-18,223.8
2022-05-18,207.08
2022-05-19,235.48
2022-05-19,183.71
2022-05-19,203.29
2022-05-20,193.43
2022-05-20,171.04
2022-05-20,207.32
2022-05-21,207.14
2022-05-21,240.43
2022-05-21,223.37
2022-05-22,190.86
2022-05-22,249.0
2022-05-22,236.91
2022-05-23,224.7
2022-05-23,209.09
2022-05-23,194.99
2022-05-24,207.29
2022-05-24,237.05
2022-05-24,253.51
2022-05-25,247.21
2022-05-25,207.09
2022-05-25,194.99
2022-05-26,220.71
2022-05-26,183.02
2022-05-26,225.35
2022-05-27,216.42
2022-05-27,210.52
2022-05-27,188.42
2022-05-28,231.04
2022-05-28,210.56
2022-05-28,198.26
2022-05-29,164.64
2022-05-29,221.96
2022-05-29,258.36
2022-05-30,256.55
2022-05-30,214.57
2022-05-30,212.05
2022-05-31,233.83
2022-05-31,204.85
2022-05-31,231.2
2022-06-01,240.82
2022-06-01,250.37
2022-06-01,224.14
2022-06-02,222.37
2022-06-02,209.18
2022-06-02,210.48
2022-06-03,222.75
2022-06-03,234.88
2022-06-03,246.05
2022-06-04,211.95
2022-06-04,258.08
2022-06-04,223.01
2022-06-05,228.2
2022-06-05,213.87
2022-06-05,180.5
2022-06-06,246.82
2022-06-06,244.02
2022-06-06,223.78
2022-06-07,230.87
2022-06-07,239.95
2022-06-07,198.47
2022-06-08,219.22
2022-06-08,245.75
2022-06-08,204.83
2022-06-09,235.83
2022-06-09,202.85
2022-06-09,239.33
2022-06-10,229.29
2022-06-10,197.68
2022-06-10,253.25
2022-06-11,215.23
2022-06-11,213.66
2022-06-11,233.81
2022-06-12,252.69
2022-06-12,209.31
2022-06-12,230.76
2022-06-13,237.98
2022-06-13,243.14
2022-06-13,232.66
2022-06-14,221.63
2022-06-14,212.25
2022-06-14,230.34
2022-06-15,206.98
2022-06-15,169.79
2022-06-15,236.73
2022-06-16,245.85
2022-06-16,180.27
2022-06-16,207.07
2022-06-17,239.38
2022-06-17,267.87
2022-06-17,226.85
2022-06-18,211.57
2022-06-18,222.15
2022-06-18,252.98
2022-06-19,212.23
2022-06-19,208.82
2022-06-19,214.79
2022-06-20,205.0
2022-06-20,226.14
2022-06-20,255.79
2022-06-21,229.36
2022-06-21,217.44
2022-06-21,216.23
2022-06-22,190.37
2022-06-22,238.86
2022-06-22,219.19
2022-06-23,216.68
2022-06-23,283.68
2022-06-23,225.32
2022-06-24,203.82
2022-06-24,209.84
2022-06-24,240.84
2022-06-25,219.62
2022-06-25,188.08
2022-06-25,234.7
2022-06-26,202.42
2022-06-26,252.71
2022-06-26,236.31
2022-06-27,205.21
2022-06-27,239.22
2022-06-27,214.39
2022-06-28,229.52
2022-06-28,221.58
2022-06-28,194.38
2022-06-29,197.85
2022-06-29,230.74
2022-06-29,202.85
2022-06-30,200.87
2022-06-30,189.24
2022-06-30,216.21
2022-07-01,248.38
2022-07-01,185.17
2022-07-01,206.39
2022-07-02,233.53
2022-07-02,203.07
2022-07-02,213.09
2022-07-03,182.17
2022-07-03,211.36
2022-07-03,198.42
2022-07-04,221.25
2022-07-04,224.66
2022-07-04,252.07
2022-07-05,211.25
2022-07-05,205.54
2022-07-05,202.29
2022-07-06,190.71
2022-07-06,203.91
2022-07-06,190.61
2022-07-07,199.27
2022-07-07,221.63
2022-07-07,174.52
2022-07-08,216.84
2022-07-08,219.77
2022-07-08,190.45
2022-07-09,149.77
2022-07-09,179.44
2022-07-09,216.94
2022-07-10,189.94
2022-07-10,169.82
2022-07-10,179.12
2022-07-11,205.44
2022-07-11,198.99
2022-07-11,182.7
2022-07-12,179.57
2022-07-12,178.51
2022-07-12,167.34
2022-07-13,217.55
2022-07-13,178.25
2022-07-13,208.5
2022-07-14,214.06
2022-07-14,203.07
2022-07-14,173.96
2022-07-15,190.16
2022-07-15,181.1
2022-07-15,163.02
2022-07-16,187.09
2022-07-16,156.55
2022-07-16,203.42
2022-07-17,169.92
2022-07-17,182.78
2022-07-17,183.99
2022-07-18,172.71
2022-07-18,189.2
2022-07-18,167.56
2022-07-19,194.09
2022-07-19,149.35
2022-07-19,178.42
2022-07-20,214.3
2022-07-20,155.16
2022-07-20,161.26
2022-07-21,184.76
2022-07-21,177.75
2022-07-21,180.86
2022-07-22,183.32
2022-07-22,185.94
2022-07-22,195.17
2022-07-23,180.9
2022-07-23,167.63
2022-07-23,185.66
2022-07-24,209.97
2022-07-24,169.11
2022-07-24,152.06
2022-07-25,193.5
2022-07-25,168.77
2022-07-25,127.56
2022-07-26,187.8
2022-07-26,160.01
2022-07-26,168.77
2022-07-27,177.11
2022-07-27,174.17
2022-07-27,184.46
2022-07-28,161.48
2022-07-28,180.39
2022-07-28,164.89
2022-07-29,184.81
2022-07-29,182.32
2022-07-29,151.29
2022-07-30,191.72
2022-07-30,159.3
2022-07-30,186.2
2022-07-31,177.43
2022-07-31,206.9
2022-07-31,165.74
2022-08-01,163.3
2022-08-01,169.99
2022-08-01,164.42
2022-08-02,186.6
2022-08-02,138.41
2022-08-02,149.8
2022-08-03,149.68
2022-08-03,190.21
2022-08-03,205.6
2022-08-04,169.49
2022-08-04,168.41
2022-08-04,173.41
2022-08-05,195.48
2022-08-05,153.94
2022-08-05,177.51
2022-08-06,192.52
2022-08-06,183.32
2022-08-06,177.38
2022-08-07,193.91
2022-08-07,120.14
2022-08-07,188.09
2022-08-08,161.79
2022-08-08,138.6
2022-08-08,185.8
2022-08-09,203.42
2022-08-09,173.58
2022-08-09,195.78
2022-08-10,209.37
2022-08-10,203.83
2022-08-10,210.75
2022-08-11,193.23
2022-08-11,180.33
2022-08-11,147.24
2022-08-12,174.81
2022-08-12,163.34
2022-08-12,224.1
2022-08-13,177.65
2022-08-13,184.12
2022-08-13,193.19
2022-08-14,183.54
2022-08-14,217.09
2022-08-14,171.26
2022-08-15,188.13
2022-08-15,169.93
2022-08-15,158.92
2022-08-16,173.64
2022-08-16,185.69
2022-08-16,178.41
2022-08-17,173.72
2022-08-17,160.01
2022-08-17,187.06
2022-08-18,159.21
2022-08-18,205.09
2022-08-18,192.14
2022-08-19,161.93
2022-08-19,185.5
2022-08-19,177.25
2022-08-20,199.29
2022-08-20,220.32
2022-08-20,156.63
2022-08-21,197.05
2022-08-21,192.16
2022-08-21,209.42
2022-08-22,200.88
2022-08-22,182.2
2022-08-22,191.48
2022-08-23,182.57
2022-08-23,220.64
2022-08-23,200.17
2022-08-24,238.4
2022-08-24,199.79
2022-08-24,187.47
2022-08-25,171.99
2022-08-25,166.82
2022-08-25,171.83
2022-08-26,209.48
2022-08-26,214.93
2022-08-26,173.75
2022-08-27,223.89
2022-08-27,196.95
2022-08-27,210.16
2022-08-28,240.07
2022-08-28,226.37
2022-08-28,203.66
2022-08-29,191.81
2022-08-29,167.19
2022-08-29,196.43
2022-08-30,207.17
2022-08-30,192.23
2022-08-30,209.92
2022-08-31,214.65
2022-08-31,209.18
2022-08-31,201.24
2022-09-01,218.16
2022-09-01,224.17
2022-09-01,194.06
2022-09-02,244.62
2022-09-02,214.95
2022-09-02,217.81
2022-09-03,232.11
2022-09-03,223.11
2022-09-03,238.0
2022-09-04,225.16
2022-09-04,207.64
2022-09-04,227.59
2022-09-05,197.94
2022-09-05,223.43
2022-09-05,221.04
2022-09-06,217.97
2022-09-06,219.98
2022-09-06,185.32
2022-09-07,212.38
2022-09-07,225.61
2022-09-07,227.32
2022-09-08,203.94
2022-09-08,250.17
2022-09-08,207.88
2022-09-09,244.92
2022-09-09,234.4
2022-09-09,213.25
2022-09-10,261.98
2022-09-10,202.89
2022-09-10,245.42
2022-09-11,247.32
2022-09-11,214.15
2022-09-11,255.65
2022-09-12,223.03
2022-09-12,234.03
2022-09-12,233.66
2022-09-13,225.96
2022-09-13,245.05
2022-09-13,244.87
2022-09-14,194.18
2022-09-14,255.38
2022-09-14,196.17
2022-09-15,250.19
2022-09-15,252.18
2022-09-15,207.91
2022-09-16,221.59
2022-09-16,207.76
2022-09-16,225.63
2022-09-17,223.8
2022-09-17,245.58
2022-09-17,256.21
2022-09-18,257.91
2022-09-18,218.74
2022-09-18,225.77
2022-09-19,196.24
2022-09-19,213.74
2022-09-19,249.09
2022-09-20,262.02
2022-09-20,204.93
2022-09-20,217.66
2022-09-21,228.86
2022-09-21,234.86
2022-09-21,212.92
2022-09-22,237.44
2022-09-22,219.31
2022-09-22,228.31
2022-09-23,239.33
2022-09-23,228.33
2022-09-23,219.25
2022-09-24,225.55
2022-09-24,225.73
2022-09-24,219.84
2022-09-25,221.8
2022-09-25,258.67
2022-09-25,237.62
2022-09-26,220.19
2022-09-26,239.72
2022-09-26,218.78
2022-09-27,248.58
2022-09-27,232.16
2022-09-27,222.26
2022-09-28,232.99
2022-09-28,192.23
2022-09-28,200.73
2022-09-29,198.98
2022-09-29,225.31
2022-09-29,256.67
2022-09-30,266.22
2022-09-30,233.91
2022-09-30,230.72
2022-10-01,184.22
2022-10-01,208.92
2022-10-01,203.54
2022-10-02,206.39
2022-10-02,214.95
2022-10-02,208.37
2022-10-03,177.72
2022-10-03,231.75
2022-10-03,194.81
2022-10-04,220.52
2022-10-04,256.68
2022-10-04,196.26
2022-10-05,163.49
2022-10-05,207.82
2022-10-05,235.0
2022-10-06,251.57
2022-10-06,187.24
2022-10-06,221.19
2022-10-07,201.36
2022-10-07,207.96
2022-10-07,262.37
2022-10-08,178.82
2022-10-08,213.36
2022-10-08,217.03
2022-10-09,228.78
2022-10-09,208.41
2022-10-09,212.0
2022-10-10,197.39
2022-10-10,209.98
2022-10-10,197.12
2022-10-11,215.79
2022-10-11,195.34
2022-10-11,209.65
2022-10-12,200.89
2022-10-12,223.37
2022-10-12,199.19
2022-10-13,164.13
2022-10-13,224.2
2022-10-13,180.22
2022-10-14,184.63
2022-10-14,185.17
2022-10-14,223.95
2022-10-15,153.12
2022-10-15,257.97
2022-10-15,215.71
2022-10-16,198.44
2022-10-16,192.26
2022-10-16,198.46
2022-10-17,202.56
2022-10-17,204.44
2022-10-17,202.05
2022-10-18,192.13
2022-10-18,185.8
2022-10-18,186.13
2022-10-19,184.68
2022-10-19,210.67
2022-10-19,199.29
2022-10-20,128.05
2022-10-20,199.41
2022-10-20,189.63
2022-10-21,184.81
2022-10-21,176.87
2022-10-21,206.59
2022-10-22,202.53
2022-10-22,167.6
2022-10-22,190.68
2022-10-23,162.6
2022-10-23,153.94
2022-10-23,168.51
2022-10-24,197.81
2022-10-24,199.15
2022-10-24,189.88
2022-10-25,193.66
2022-10-25,189.04
2022-10-25,165.45
2022-10-26,186.49
2022-10-26,193.44
2022-10-26,192.11
2022-10-27,200.4
2022-10-27,190.4
2022-10-27,182.88
2022-10-28,196.89
2022-10-28,174.6
2022-10-28,157.15
2022-10-29,171.19
2022-10-29,159.23
2022-10-29,160.31
2022-10-30,170.62
2022-10-30,157.37
2022-10-30,166.79
2022-10-31,134.81
2022-10-31,176.69
2022-10-31,172.21
2022-11-01,155.61
2022-11-01,184.92
2022-11-01,190.28
2022-11-02,139.19
2022-11-02,155.91
2022-11-02,155.61
2022-11-03,152.04
2022-11-03,187.29
2022-11-03,166.69
2022-11-04,165.16
2022-11-04,130.28
2022-11-04,182.97
2022-11-05,145.4
2022-11-05,171.32
2022-11-05,175.62
2022-11-06,197.25
2022-11-06,143.84
2022-11-06,109.61
2022-11-07,173.68
2022-11-07,206.03
2022-11-07,194.83
2022-11-08,174.28
2022-11-08,160.31
2022-11-08,186.35
2022-11-09,150.82
2022-11-09,179.91
2022-11-09,180.6
2022-11-10,191.82
2022-11-10,225.94
2022-11-10,178.74
2022-11-11,160.87
2022-11-11,170.71
2022-11-11,136.03
2022-11-12,157.71
2022-11-12,163.63
2022-11-12,161.55
2022-11-13,175.31
2022-11-13,156.06
2022-11-13,195.19
2022-11-14,173.04
2022-11-14,173.14
2022-11-14,167.06
2022-11-15,177.02
2022-11-15,190.74
2022-11-15,157.22
2022-11-16,161.74
2022-11-16,169.18
2022-11-16,148.7
2022-11-17,159.6
2022-11-17,166.84
2022-11-17,194.25
2022-11-18,182.41
2022-11-18,181.45
2022-11-18,195.01
2022-11-19,175.68
2022-11-19,186.68
2022-11-19,177.26
2022-11-20,185.09
2022-11-20,168.59
2022-11-20,131.95
2022-11-21,178.53
2022-11-21,210.16
2022-11-21,200.73
2022-11-22,202.03
2022-11-22,207.96
2022-11-22,185.53
2022-11-23,188.24
2022-11-23,172.48
2022-11-23,179.06
2022-11-24,198.25
2022-11-24,210.57
2022-11-24,184.26
2022-11-25,178.62
2022-11-25,188.21
2022-11-25,200.8
2022-11-26,160.49
2022-11-26,144.03
2022-11-26,179.54
2022-11-27,166.73
2022-11-27,181.59
2022-11-27,189.4
2022-11-28,183.9
2022-11-28,222.63
2022-11-28,200.73
2022-11-29,200.82
2022-11-29,207.87
2022-11-29,173.28
2022-11-30,217.46
2022-11-30,195.79
2022-11-30,211.34
2022-12-01,177.12
2022-12-01,168.11
2022-12-01,216.17
2022-12-02,207.97
2022-12-02,183.03
2022-12-02,184.3
2022-12-03,224.83
2022-12-03,179.16
2022-12-03,236.43
2022-12-04,186.18
2022-12-04,217.59
2022-12-04,198.87
2022-12-05,218.12
2022-12-05,195.79
2022-12-05,204.02
2022-12-06,208.71
2022-12-06,188.45
2022-12-06,223.91
2022-12-07,199.43
2022-12-07,205.71
2022-12-07,190.98
2022-12-08,160.21
2022-12-08,208.21
2022-12-08,260.86
2022-12-09,228.87
2022-12-09,213.35
2022-12-09,209.03
2022-12-10,215.29
2022-12-10,226.33
2022-12-10,192.3
2022-12-11,238.74
2022-12-11,231.28
2022-12-11,231.85
2022-12-12,226.76
2022-12-12,218.88
2022-12-12,232.44
2022-12-13,231.3
2022-12-13,212.86
2022-12-13,208.93
2022-12-14,222.9
2022-12-14,252.29
2022-12-14,196.96
2022-12-15,192.82
2022-12-15,225.89
2022-12-15,224.02
2022-12-16,226.87
2022-12-16,228.67
2022-12-16,219.7
2022-12-17,254.33
2022-12-17,192.87
2022-12-17,208.66
2022-12-18,223.5
2022-12-18,193.03
2022-12-18,222.69
2022-12-19,259.73
2022-12-19,227.21
2022-12-19,231.68
2022-12-20,202.13
2022-12-20,215.26
2022-12-20,220.32
2022-12-21,221.7
2022-12-21,253.91
2022-12-21,239.63
2022-12-22,206.44
2022-12-22,233.78
2022-12-22,238.98
2022-12-23,251.97
2022-12-23,260.92
2022-12-23,209.13
2022-12-24,213.33
2022-12-24,204.5
2022-12-24,225.06
2022-12-25,239.14
2022-12-25,249.63
2022-12-25,228.41
2022-12-26,223.57
2022-12-26,233.02
2022-12-26,213.3
2022-12-27,271.79
2022-12-27,197.83
2022-12-27,233.65
2022-12-28,270.38
2022-12-28,229.99
2022-12-28,225.98
2022-12-29,222.55
2022-12-29,226.0
2022-12-29,256.96
2022-12-30,185.14
2022-12-30,259.91
2022-12-30,200.62
2022-12-31,223.61
2022-12-31,220.18
2022-12-31,240.35
2023-01-01,196.42
2023-01-01,237.42
2023-01-01,268.44
2023-01-02,200.46
2023-01-02,231.27
2023-01-02,213.98
2023-01-03,235.46
2023-01-03,227.05
2023-01-03,213.54
2023-01-04,235.82
2023-01-04,261.83
2023-01-04,221.6
2023-01-05,239.47
2023-01-05,198.86
2023-01-05,205.24
2023-01-06,233.44
2023-01-06,253.3
2023-01-06,230.33
2023-01-07,216.56
2023-01-07,222.39
2023-01-07,196.97
2023-01-08,233.64
2023-01-08,238.75
2023-01-08,211.61
2023-01-09,210.79
2023-01-09,225.04
2023-01-09,210.51
2023-01-10,217.44
2023-01-10,260.26
2023-01-10,212.82
2023-01-11,210.09
2023-01-11,203.79
2023-01-11,231.1
2023-01-12,212.06
2023-01-12,202.15
2023-01-12,241.02
2023-01-13,242.43
2023-01-13,201.48
2023-01-13,175.59
2023-01-14,232.5
2023-01-14,198.08
2023-01-14,227.01
2023-01-15,171.21
2023-01-15,227.87
2023-01-15,185.2
2023-01-16,223.44
2023-01-16,208.51
2023-01-16,188.54
2023-01-17,198.86
2023-01-17,220.12
2023-01-17,207.9
2023-01-18,216.85
2023-01-18,244.07
2023-01-18,172.63
2023-01-19,235.64
2023-01-19,204.75
2023-01-19,184.07
2023-01-20,174.81
2023-01-20,197.0
2023-01-20,218.59
2023-01-21,196.98
2023-01-21,229.12
2023-01-21,169.25
2023-01-22,197.4
2023-01-22,171.97
2023-01-22,203.67
2023-01-23,213.51
2023-01-23,186.74
2023-01-23,142.45
2023-01-24,197.89
2023-01-24,202.04
2023-01-24,200.78
2023-01-25,216.8
2023-01-25,170.06
2023-01-25,204.48
2023-01-26,214.13
2023-01-26,154.12
2023-01-26,195.49
2023-01-27,178.43
2023-01-27,186.31
2023-01-27,194.32
2023-01-28,177.05
2023-01-28,172.72
2023-01-28,186.36
2023-01-29,163.39
2023-01-29,162.87
2023-01-29,197.64
2023-01-30,160.55
2023-01-30,196.33
2023-01-30,191.74
2023-01-31,147.47
2023-01-31,167.93
2023-01-31,204.88
2023-02-01,160.89
2023-02-01,170.75
2023-02-01,188.81
2023-02-02,194.78
2023-02-02,173.64
2023-02-02,166.28
2023-02-03,206.25
2023-02-03,212.17
2023-02-03,196.56
2023-02-04,178.29
2023-02-04,160.03
2023-02-04,159.21
2023-02-05,185.9
2023-02-05,183.46
2023-02-05,202.78
2023-02-06,187.42
2023-02-06,144.03
2023-02-06,194.82
2023-02-07,153.52
2023-02-07,165.51
2023-02-07,177.92
2023-02-08,212.57
2023-02-08,234.6
2023-02-08,184.29
2023-02-09,168.27
2023-02-09,182.41
2023-02-09,189.27
2023-02-10,164.91
2023-02-10,207.05
2023-02-10,175.58
2023-02-11,180.78
2023-02-11,184.0
2023-02-11,178.99
2023-02-12,187.22
2023-02-12,158.0
2023-02-12,159.09
2023-02-13,148.18
2023-02-13,178.91
2023-02-13,185.65
2023-02-14,179.19
2023-02-14,203.5
2023-02-14,169.89
2023-02-15,183.38
2023-02-15,148.19
2023-02-15,162.31
2023-02-16,184.0
2023-02-16,187.13
2023-02-16,164.34
2023-02-17,168.87
2023-02-17,140.04
2023-02-17,163.36
2023-02-18,188.43
2023-02-18,182.27
2023-02-18,180.92
2023-02-19,172.06
2023-02-19,171.38
2023-02-19,158.22
2023-02-20,185.6
2023-02-20,180.25
2023-02-20,181.9
2023-02-21,161.77
2023-02-21,129.47
2023-02-21,194.74
2023-02-22,163.49
2023-02-22,156.1
2023-02-22,187.51
2023-02-23,166.11
2023-02-23,195.47
2023-02-23,186.94
2023-02-24,188.61
2023-02-24,147.97
2023-02-24,199.89
2023-02-25,181.25
2023-02-25,169.02
2023-02-25,179.67
2023-02-26,141.68
2023-02-26,185.79
2023-02-26,157.45
2023-02-27,151.42
2023-02-27,148.47
2023-02-27,201.62
2023-02-28,167.24
2023-02-28,210.97
2023-02-28,170.06
2023-03-01,147.11
2023-03-01,159.43
2023-03-01,206.98
2023-03-02,179.65
2023-03-02,172.32
2023-03-02,187.01
2023-03-03,194.38
2023-03-03,207.23
2023-03-03,214.4
2023-03-04,178.79
2023-03-04,160.02
2023-03-04,178.84
2023-03-05,192.88
2023-03-05,168.98
2023-03-05,169.69
2023-03-06,196.3
2023-03-06,189.04
2023-03-06,191.26
2023-03-07,176.04
2023-03-07,187.2
2023-03-07,173.93
2023-03-08,210.83
2023-03-08,214.34
2023-03-08,157.33
2023-03-09,176.28
2023-03-09,165.56
2023-03-09,183.11
2023-03-10,195.07
2023-03-10,168.37
2023-03-10,179.55
2023-03-11,178.54
2023-03-11,203.39
2023-03-11,201.26
2023-03-12,186.07
2023-03-12,204.67
2023-03-12,190.83
2023-03-13,196.95
2023-03-13,236.48
2023-03-13,230.45
2023-03-14,178.27
2023-03-14,221.48
2023-03-14,221.73
2023-03-15,183.15
2023-03-15,223.11
2023-03-15,238.1
2023-03-16,185.5
2023-03-16,190.2
2023-03-16,229.51
2023-03-17,215.18
2023-03-17,221.37
2023-03-17,217.74
2023-03-18,219.33
2023-03-18,185.56
2023-03-18,233.61
2023-03-19,236.62
2023-03-19,209.2
2023-03-19,213.48
2023-03-20,184.27
2023-03-20,225.72
2023-03-20,227.41
2023-03-21,215.26
2023-03-21,239.51
2023-03-21,210.86
2023-03-22,229.33
2023-03-22,198.15
2023-03-22,218.56
2023-03-23,216.03
2023-03-23,224.49
2023-03-23,213.06
2023-03-24,218.28
2023-03-24,237.87
2023-03-24,213.05
2023-03-25,190.08
2023-03-25,257.62
2023-03-25,250.67
2023-03-26,197.59
2023-03-26,237.62
2023-03-26,214.14
2023-03-27,229.84
2023-03-27,230.81
2023-03-27,220.58
2023-03-28,209.93
2023-03-28,212.11
2023-03-28,207.91
2023-03-29,209.9
2023-03-29,225.48
2023-03-29,212.78
2023-03-30,241.0
2023-03-30,257.36
2023-03-30,216.25
2023-03-31,232.87
2023-03-31,238.29
2023-03-31,237.94
2023-04-01,230.21
2023-04-01,243.72
2023-04-01,238.67
2023-04-02,204.43
2023-04-02,246.7
2023-04-02,247.19
2023-04-03,214.3
2023-04-03,230.42
2023-04-03,243.42
2023-04-04,225.64
2023-04-04,251.34
2023-04-04,277.21
2023-04-05,214.25
2023-04-05,202.37
2023-04-05,236.08
2023-04-06,244.43
2023-04-06,225.36
2023-04-06,259.01
2023-04-07,203.13
2023-04-07,243.71
2023-04-07,217.66
2023-04-08,264.08
2023-04-08,269.45
2023-04-08,214.16
2023-04-09,218.38
2023-04-09,246.42
2023-04-09,221.34
2023-04-10,228.02
2023-04-10,229.26
2023-04-10,190.17
2023-04-11,228.09
2023-04-11,214.36
2023-04-11,218.07
2023-04-12,256.57
2023-04-12,202.32
2023-04-12,243.45
2023-04-13,221.34
2023-04-13,221.04
2023-04-13,242.15
2023-04-14,232.83
2023-04-14,237.13
2023-04-14,244.75
2023-04-15,218.42
2023-04-15,212.45
2023-04-15,202.63
2023-04-16,207.45
2023-04-16,282.56
2023-04-16,248.07
2023-04-17,195.76
2023-04-17,195.91
2023-04-17,231.58
2023-04-18,232.45
2023-04-18,232.04
2023-04-18,215.51
2023-04-19,217.64
2023-04-19,226.24
2023-04-19,220.92
2023-04-20,174.33
2023-04-20,213.62
2023-04-20,200.69
2023-04-21,220.71
2023-04-21,276.39
2023-04-21,223.51
2023-04-22,209.36
2023-04-22,233.52
2023-04-22,224.19
2023-04-23,222.39
2023-04-23,225.56
2023-04-23,253.99
2023-04-24,189.67
2023-04-24,221.19
2023-04-24,192.61
2023-04-25,221.66
2023-04-25,191.58
2023-04-25,201.02
2023-04-26,202.86
2023-04-26,227.68
2023-04-26,225.92
2023-04-27,182.03
2023-04-27,207.43
2023-04-27,191.52
2023-04-28,179.93
2023-04-28,200.14
2023-04-28,197.69
2023-04-29,251.76
2023-04-29,211.26
2023-04-29,174.43
2023-04-30,190.06
2023-04-30,221.15
2023-04-30,241.86
2023-05-01,167.75
2023-05-01,161.24
2023-05-01,235.63
2023-05-02,205.38
2023-05-02,179.59
2023-05-02,207.02
2023-05-03,142.99
2023-05-03,195.16
2023-05-03,201.03
2023-05-04,212.34
2023-05-04,172.96
2023-05-04,194.34
2023-05-05,173.51
2023-05-05,196.52
2023-05-05,172.91
2023-05-06,182.06
2023-05-06,169.71
2023-05-06,202.06
2023-05-07,205.63
2023-05-07,183.19
2023-05-07,188.07
2023-05-08,157.77
2023-05-08,180.19
2023-05-08,184.62
2023-05-09,237.49
2023-05-09,162.3
2023-05-09,213.28
2023-05-10,203.41
2023-05-10,188.56
2023-05-10,217.61
2023-05-11,189.37
2023-05-11,189.22
2023-05-11,179.88
2023-05-12,204.93
2023-05-12,201.92
2023-05-12,167.01
2023-05-13,152.69
2023-05-13,174.57
2023-05-13,162.19
2023-05-14,176.49
2023-05-14,202.09
2023-05-14,167.79
2023-05-15,175.69
2023-05-15,177.32
2023-05-15,192.75
2023-05-16,130.48
2023-05-16,162.93
2023-05-16,178.94
2023-05-17,198.38
2023-05-17,164.22
2023-05-17,136.22
2023-05-18,185.85
2023-05-18,160.46
2023-05-18,149.1
2023-05-19,160.14
2023-05-19,168.69
2023-05-19,160.04
2023-05-20,127.8
2023-05-20,189.64
2023-05-20,196.99
2023-05-21,184.33
2023-05-21,148.37
2023-05-21,166.93
2023-05-22,170.68
2023-05-22,182.65
2023-05-22,183.91
2023-05-23,155.75
2023-05-23,171.97
2023-05-23,179.39
2023-05-24,199.29
2023-05-24,184.2
2023-05-24,185.85
2023-05-25,171.71
2023-05-25,198.22
2023-05-25,178.2
2023-05-26,152.78
2023-05-26,198.09
2023-05-26,184.01
2023-05-27,161.24
2023-05-27,160.57
2023-05-27,176.16
2023-05-28,179.57
2023-05-28,174.35
2023-05-28,176.74
2023-05-29,204.64
2023-05-29,192.21
2023-05-29,174.74
2023-05-30,189.91
2023-05-30,150.61
2023-05-30,179.4
2023-05-31,207.83
2023-05-31,167.49
2023-05-31,155.13
2023-06-01,159.27
2023-06-01,150.77
2023-06-01,157.13
2023-06-02,165.69
2023-06-02,145.27
2023-06-02,173.99
2023-06-03,192.03
2023-06-03,156.15
2023-06-03,205.02
2023-06-04,185.19
2023-06-04,195.94
2023-06-04,162.53
2023-06-05,193.15
2023-06-05,154.61
2023-06-05,194.64
2023-06-06,180.68
2023-06-06,188.72
2023-06-06,154.57
2023-06-07,160.61
2023-06-07,190.9
2023-06-07,160.45
2023-06-08,189.14
2023-06-08,153.0
2023-06-08,197.79
2023-06-09,156.66
2023-06-09,192.85
2023-06-09,194.82
2023-06-10,168.89
2023-06-10,194.98
2023-06-10,189.08
2023-06-11,173.62
2023-06-11,164.77
2023-06-11,146.24
2023-06-12,193.03
2023-06-12,155.3
2023-06-12,189.07
2023-06-13,182.47
2023-06-13,201.9
2023-06-13,182.85
2023-06-14,182.89
2023-06-14,204.71
2023-06-14,197.37
2023-06-15,197.59
2023-06-15,201.25
2023-06-15,161.76
2023-06-16,208.22
2023-06-16,205.95
2023-06-16,173.98
2023-06-17,190.05
2023-06-17,194.77
2023-06-17,193.49
2023-06-18,203.48
2023-06-18,226.05
2023-06-18,219.69
2023-06-19,172.44
2023-06-19,211.75
2023-06-19,226.52
2023-06-20,208.3
2023-06-20,223.01
2023-06-20,242.07
2023-06-21,222.92
2023-06-21,208.06
2023-06-21,224.6
2023-06-22,207.22
2023-06-22,205.42
2023-06-22,198.53
2023-06-23,237.45
2023-06-23,190.42
2023-06-23,238.05
2023-06-24,218.01
2023-06-24,180.63
2023-06-24,216.57
2023-06-25,167.81
2023-06-25,222.91
2023-06-25,228.69
2023-06-26,199.72
2023-06-26,214.62
2023-06-26,251.8
2023-06-27,203.17
2023-06-27,192.67
2023-06-27,244.04
2023-06-28,254.2
2023-06-28,215.57
2023-06-28,236.26
2023-06-29,243.38
2023-06-29,202.23
2023-06-29,207.88
2023-06-30,242.71
2023-06-30,252.29
2023-06-30,230.34
2023-07-01,201.96
2023-07-01,259.77
2023-07-01,209.88
2023-07-02,214.25
2023-07-02,228.24
2023-07-02,252.91
2023-07-03,239.34
2023-07-03,230.97
2023-07-03,232.35
2023-07-04,224.35
2023-07-04,235.03
2023-07-04,173.65
2023-07-05,218.67
2023-07-05,229.78
2023-07-05,202.28
2023-07-06,233.36
2023-07-06,221.87
2023-07-06,261.37
2023-07-07,258.02
2023-07-07,217.53
2023-07-07,224.11
2023-07-08,225.91
2023-07-08,218.6
2023-07-08,231.78
2023-07-09,212.94
2023-07-09,205.7
2023-07-09,240.97
2023-07-10,241.3
2023-07-10,212.8
2023-07-10,246.95
2023-07-11,216.56
2023-07-11,234.4
2023-07-11,245.87
2023-07-12,228.9
2023-07-12,238.77
2023-07-12,219.43
2023-07-13,225.9
2023-07-13,225.77
2023-07-13,215.01
2023-07-14,226.44
2023-07-14,199.02
2023-07-14,220.18
2023-07-15,224.3
2023-07-15,224.85
2023-07-15,225.11
2023-07-16,228.66
2023-07-16,239.43
2023-07-16,247.26
2023-07-17,216.69
2023-07-17,205.52
2023-07-17,208.64
2023-07-18,219.61
2023-07-18,222.18
2023-07-18,213.67
2023-07-19,202.98
2023-07-19,219.61
2023-07-19,232.17
2023-07-20,240.25
2023-07-20,216.99
2023-07-20,219.65
2023-07-21,209.14
2023-07-21,226.8
2023-07-21,210.19
2023-07-22,238.35
2023-07-22,190.89
2023-07-22,219.12
2023-07-23,232.02
2023-07-23,229.36
2023-07-23,279.21
2023-07-24,232.01
2023-07-24,204.58
2023-07-24,222.39
2023-07-25,188.4
2023-07-25,221.92
2023-07-25,206.48
2023-07-26,241.04
2023-07-26,211.33
2023-07-26,219.56
2023-07-27,208.75
2023-07-27,255.79
2023-07-27,214.14
2023-07-28,256.75
2023-07-28,235.91
2023-07-28,228.79
2023-07-29,226.04
2023-07-29,226.04
2023-07-29,179.11
2023-07-30,211.57
2023-07-30,233.54
2023-07-30,215.13
2023-07-31,187.47
2023-07-31,213.98
2023-07-31,248.57
2023-08-01,238.87
2023-08-01,212.13
2023-08-01,231.83
2023-08-02,204.9
2023-08-02,177.58
2023-08-02,192.59
2023-08-03,241.75
2023-08-03,204.42
2023-08-03,204.44
2023-08-04,202.71
2023-08-04,246.18
2023-08-04,240.01
2023-08-05,251.26
2023-08-05,203.09
2023-08-05,211.57
2023-08-06,174.7
2023-08-06,233.95
2023-08-06,180.44
2023-08-07,207.5
2023-08-07,180.6
2023-08-07,190.14
2023-08-08,184.54
2023-08-08,188.5
2023-08-08,189.25
2023-08-09,188.44
2023-08-09,215.44
2023-08-09,176.05
2023-08-10,201.93
2023-08-10,221.25
2023-08-10,186.01
2023-08-11,181.29
2023-08-11,190.42
2023-08-11,218.0
2023-08-12,197.67
2023-08-12,182.55
2023-08-12,202.24
2023-08-13,169.91
2023-08-13,204.98
2023-08-13,198.93
2023-08-14,184.0
2023-08-14,172.8
2023-08-14,171.25
2023-08-15,199.1
2023-08-15,212.4
2023-08-15,174.5
2023-08-16,195.85
2023-08-16,144.38
2023-08-16,173.88
2023-08-17,184.4
2023-08-17,166.29
2023-08-17,165.22
2023-08-18,170.06
2023-08-18,188.74
2023-08-18,178.64
2023-08-19,137.12
2023-08-19,138.97
2023-08-19,168.76
2023-08-20,189.57
2023-08-20,124.99
2023-08-20,169.49
2023-08-21,168.5
2023-08-21,206.35
2023-08-21,170.45
2023-08-22,185.38
2023-08-22,180.13
2023-08-22,134.29
2023-08-23,191.87
2023-08-23,180.43
2023-08-23,185.91
2023-08-24,253.9
2023-08-24,133.34
2023-08-24,209.18
2023-08-25,168.6
2023-08-25,179.78
2023-08-25,172.81
2023-08-26,164.94
2023-08-26,161.74
2023-08-26,179.45
2023-08-27,142.26
2023-08-27,187.36
2023-08-27,163.79
2023-08-28,149.29
2023-08-28,162.67
2023-08-28,196.62
2023-08-29,160.58
2023-08-29,178.28
2023-08-29,156.33
2023-08-30,185.96
2023-08-30,184.37
2023-08-30,207.51
2023-08-31,166.91
2023-08-31,183.7
2023-08-31,172.2
2023-09-01,196.08
2023-09-01,155.73
2023-09-01,184.96
2023-09-02,166.13
2023-09-02,168.72
2023-09-02,171.84
2023-09-03,175.05
2023-09-03,167.7
2023-09-03,174.35
2023-09-04,201.67
2023-09-04,189.87
2023-09-04,187.62
2023-09-05,161.21
2023-09-05,152.63
2023-09-05,189.63
2023-09-06,188.17
2023-09-06,200.24
2023-09-06,158.86
2023-09-07,166.51
2023-09-07,138.49
2023-09-07,163.62
2023-09-08,191.6
2023-09-08,162.55
2023-09-08,184.91
2023-09-09,168.53
2023-09-09,179.07
2023-09-09,149.9
2023-09-10,174.83
2023-09-10,113.59
2023-09-10,169.97
2023-09-11,141.4
2023-09-11,198.45
2023-09-11,190.21
2023-09-12,184.34
2023-09-12,205.78
2023-09-12,156.75
2023-09-13,211.05
2023-09-13,195.13
2023-09-13,172.15
2023-09-14,200.0
2023-09-14,155.57
2023-09-14,161.64
2023-09-15,166.39
2023-09-15,168.43
2023-09-15,158.33
2023-09-16,204.38
2023-09-16,175.21
2023-09-16,187.92
2023-09-17,169.95
2023-09-17,145.44
2023-09-17,187.76
2023-09-18,144.63
2023-09-18,182.02
2023-09-18,156.55
2023-09-19,224.2
2023-09-19,203.22
2023-09-19,187.66
2023-09-20,211.37
2023-09-20,169.73
2023-09-20,198.09
2023-09-21,191.79
2023-09-21,193.65
2023-09-21,214.4
2023-09-22,204.19
2023-09-22,195.91
2023-09-22,157.63
2023-09-23,172.13
2023-09-23,189.48
2023-09-23,194.4
2023-09-24,170.54
2023-09-24,241.99
2023-09-24,224.7
2023-09-25,207.04
2023-09-25,197.06
2023-09-25,191.99
2023-09-26,177.82
2023-09-26,199.04
2023-09-26,203.27
2023-09-27,173.91
2023-09-27,206.06
2023-09-27,196.89
